INSERT INTO movie_db.publications VALUES ('The Daily Reviewer', 'glyphicon-eye-open');
INSERT INTO movie_db.publications VALUES ('International Movie Critic', 'glyphicon-fire');
INSERT INTO movie_db.publications VALUES ('MoviesNow', 'glyphicon-time');
INSERT INTO movie_db.publications VALUES ('MyNextReview', 'glyphicon-record');
INSERT INTO movie_db.publications VALUES ('Movies & Games', 'glyphicon-heart-empty');
INSERT INTO movie_db.publications VALUES ('TheOne', 'glyphicon-globe');
INSERT INTO movie_db.reviewers VALUES ('Robert Smith', 'The Daily Reviewer', 'https://s3.amazonaws.com/uifaces/faces/twitter/angelcolberg/128.jpg');
INSERT INTO movie_db.reviewers VALUES ('Chris Harris', 'International Movie Critic', 'https://s3.amazonaws.com/uifaces/faces/twitter/bungiwan/128.jpg');
INSERT INTO movie_db.reviewers VALUES  ('Janet Garcia', 'MoviesNow', 'https://s3.amazonaws.com/uifaces/faces/twitter/grrr_nl/128.jpg');
INSERT INTO movie_db.reviewers VALUES ('Andrew West',  'MyNextReview', 'https://s3.amazonaws.com/uifaces/faces/twitter/d00maz/128.jpg');
INSERT INTO movie_db.reviewers VALUES ('Mindy Lee', 'Movies & Games', 'https://s3.amazonaws.com/uifaces/faces/twitter/laurengray/128.jpg');
INSERT INTO movie_db.reviewers VALUES ('Martin Thomas', 'TheOne', 'https://s3.amazonaws.com/uifaces/faces/twitter/karsh/128.jpg');
INSERT INTO movie_db.reviewers VALUES ('Anthony Miller', 'ComicBookHero.com', 'https://s3.amazonaws.com/uifaces/faces/twitter/9lessons/128.jpg');
INSERT INTO movie_db.movies VALUES ('IT','10/03/2017',4,'Robert Smith','The Daily Reviewer');
INSERT INTO movie_db.movies VALUES ('IT','10/03/2017',3,'Chris Harris','International Movie Critic');
INSERT INTO movie_db.movies VALUES ('IT','10/03/2017',5,'Janet Garcia','The Daily Reviewer');
INSERT INTO movie_db.movies VALUES ('Spiderman','10/01/2017',5,'Robert Smith','The Daily Reviewer');
INSERT INTO movie_db.movies VALUES ('Spiderman','10/01/2017',4,'Janet Garcia','The Daily Reviewer');
INSERT INTO movie_db.movies VALUES ('Transformers','11/03/2017',4,'Robert Smith','The Daily Reviewer');
INSERT INTO movie_db.movies VALUES ('Transformers','11/03/2017',5,'Chris Harris','International Movie Critic');
INSERT INTO movie_db.movies VALUES ('Transformers','11/03/2017',1,'Andrew West',  'MyNextReview');

